,trade_date,ts_code,open,high,low,close,pre_close,change,pct_chg,vol,amount,turnover_rate,volume_ratio,ma5,ma_v_5,ma10,ma_v_10,ma20,ma_v_20,ma60,ma_v_60,ma100,ma_v_100,ma120,ma_v_120,ma250,ma_v_250,ma500,ma_v_500
0,20211130,688667.SH,195.0,195.0,180.0,185.3,192.5,-7.2,-3.7403,4669.7,86556.857,3.7751,1.12,185.536,3908.988,181.539,5315.876,166.8795,6504.2595,131.442,5785.467,125.0242,7649.6189,121.2558,8098.0826,,,,
1,20211129,688667.SH,181.9,192.84,175.78,192.5,182.8,9.7,5.3063,4545.16,84903.191,3.6744,0.97,186.476,4176.566,179.299,5620.633,164.4645,6659.0535,130.4098,6058.428,124.1701,7720.54,120.6574,8157.822,,,,
2,20211126,688667.SH,183.88,187.0,181.18,182.8,183.9,-1.1,-0.5982,2503.92,46034.229,2.0242,0.51,184.828,4705.738,176.749,6009.839,161.6395,6949.79,129.7368,6187.043,123.2997,7777.7584,120.0583,8195.152,,,,
3,20211125,688667.SH,183.0,187.78,179.6,183.9,183.18,0.72,0.3931,3127.93,57413.198,2.5287,0.52,181.906,4954.236,175.134,6383.455,158.8495,7310.5605,129.0035,6302.4815,122.5718,7852.4309,119.5918,8225.7335,,,,
4,20211124,688667.SH,190.02,191.88,179.67,183.18,190.0,-6.82,-3.5895,4698.23,87054.068,3.7982,0.7,178.528,5995.992,173.043,7140.038,155.4545,7490.7145,128.165,6433.7048,121.8055,7921.7063,119.1172,8257.6012,,,,
5,20211123,688667.SH,183.89,192.58,181.0,190.0,184.26,5.74,3.1152,6007.59,111995.55,4.8567,0.85,177.542,6722.764,170.325,7557.812,152.142,7516.841,127.2088,6459.647,121.0497,7990.5548,118.6282,8297.6708,,,,
6,20211122,688667.SH,167.0,188.23,167.0,184.26,168.19,16.07,9.5547,7191.02,128497.863,5.8134,0.98,172.122,7064.7,166.762,8271.584,148.542,7498.4495,126.1017,6509.011,120.2014,8096.5928,118.0444,8307.8743,,,,
7,20211119,688667.SH,168.73,173.0,164.0,168.19,167.01,1.18,0.7065,3746.41,63344.271,3.0287,0.48,168.67,7313.94,162.421,8132.796,145.063,7248.2655,125.1023,6478.6445,119.3452,8100.385,117.485,8283.2671,,,,
8,20211118,688667.SH,175.8,176.0,161.3,167.01,178.25,-11.24,-6.3058,8336.71,138569.118,6.7397,1.01,168.362,7812.674,159.248,8419.359,142.3075,7186.386,124.3735,6507.3963,118.6703,8137.3538,117.0868,8313.8189,,,,
9,20211117,688667.SH,165.0,178.37,162.39,178.25,162.9,15.35,9.423,8332.09,143865.298,6.7359,0.99,167.558,8284.084,156.347,8027.181,139.7165,6908.3565,123.6417,6517.2237,118.0123,8129.9847,116.6759,8288.5763,,,,
10,20211116,688667.SH,167.0,169.07,154.11,162.9,167.0,-4.1,-2.4551,7717.27,124184.659,6.2389,0.81,163.108,8392.86,152.22,7692.643,136.5885,6815.293,122.8742,6457.5777,117.2578,8123.4635,116.1382,8267.599,,,,
11,20211115,688667.SH,167.89,174.0,162.0,167.0,166.65,0.35,0.21,8437.22,140884.134,6.8209,0.94,161.402,9478.468,149.63,7697.474,134.1475,6835.797,122.3608,6495.8727,116.6568,8139.711,115.752,8277.3181,,,,
12,20211112,688667.SH,163.6,172.47,160.72,166.65,162.99,3.66,2.2455,6240.08,104005.886,5.0447,0.69,156.172,8951.652,146.53,7889.741,131.3105,6637.3365,121.798,6559.0513,115.9906,8151.1248,115.2824,8265.7025,,,,
13,20211111,688667.SH,154.58,171.45,151.33,162.99,156.0,6.99,4.4808,10693.76,173341.541,8.6452,1.38,150.134,9026.044,142.565,8237.666,128.5665,6763.0495,121.0522,6545.266,115.3242,8183.8648,114.8263,8280.9052,,,,
14,20211110,688667.SH,155.0,159.97,152.99,156.0,154.37,1.63,1.0559,8875.97,138902.635,7.1756,1.27,145.136,7770.278,137.866,7841.391,125.734,6468.8585,120.3773,6482.4788,114.6776,8142.8072,114.4382,8234.2108,,,,
15,20211109,688667.SH,139.57,156.99,138.22,154.37,140.85,13.52,9.5989,13145.31,200007.257,10.6271,2.22,141.332,6992.426,133.959,7475.87,123.0485,6307.903,119.8745,6482.0915,114.0906,8163.9545,114.114,8208.6586,,,,
16,20211108,688667.SH,132.55,142.5,132.55,140.85,136.46,4.39,3.2171,5803.14,81131.743,4.6914,0.85,137.858,5916.48,130.322,6725.315,120.053,5774.8235,119.335,6422.4945,113.5534,8099.1756,113.7788,8152.8463,,,,
17,20211105,688667.SH,138.67,146.0,135.01,136.46,138.0,-1.54,-1.1159,6612.04,92604.457,5.3454,0.89,136.888,6827.83,127.705,6363.735,117.8665,5574.4355,119.0858,6472.1898,113.1409,8122.1001,113.6093,8144.202,,,,
18,20211104,688667.SH,136.82,141.0,135.0,138.0,136.98,1.02,0.7446,4414.93,60972.678,3.5692,0.56,134.996,7449.288,125.367,5953.413,115.9935,5362.591,118.859,6521.8352,112.7953,8136.2479,113.4631,8132.8513,,,,
19,20211103,688667.SH,136.65,139.67,134.02,136.98,137.0,-0.02,-0.0146,4986.71,68244.286,4.0314,0.63,130.596,7912.504,123.086,5789.532,113.986,5324.502,118.507,6586.687,112.4308,8293.795,113.3197,8189.1848,,,,
20,20211102,688667.SH,136.03,138.98,131.0,137.0,136.0,1.0,0.7353,7765.58,105112.851,6.2779,1.03,126.586,7959.314,120.957,5937.943,111.976,5188.5425,118.194,6702.3153,112.131,8416.8472,113.2199,8272.1452,,,,
21,20211101,688667.SH,126.0,139.11,125.38,136.0,127.0,9.0,7.0866,10359.89,139048.214,8.3753,1.76,122.786,7534.15,118.665,5974.12,110.165,5029.871,117.7377,6730.6733,111.896,8457.5757,113.2366,8296.5224,,,,
22,20211029,688667.SH,116.01,127.58,115.0,127.0,116.0,11.0,9.4828,9719.33,119907.761,7.8574,2.18,118.522,5899.64,116.091,5384.932,108.546,4725.2815,117.2622,6745.45,111.742,8444.2244,113.2366,8280.2276,,,,
23,20211028,688667.SH,115.0,118.98,113.0,116.0,116.93,-0.93,-0.7953,6731.01,78541.329,5.4416,1.84,115.738,4457.538,114.568,5288.433,107.746,4429.194,116.9538,6778.5575,111.7403,8408.7681,113.3192,8330.9657,,,,
24,20211027,688667.SH,115.74,118.7,112.0,116.93,118.0,-1.07,-0.9068,5220.76,60045.641,4.2206,1.33,115.576,3666.56,113.602,5096.326,107.6385,4196.044,116.8038,6973.4615,111.8497,8410.9785,113.4313,8382.0943,,,,
25,20211026,688667.SH,114.66,122.0,114.66,118.0,114.68,3.32,2.895,5639.76,67555.195,4.5594,1.28,115.328,3916.572,112.138,5139.936,107.512,4071.126,116.8385,7161.5935,111.9254,8453.8368,113.5383,8389.7359,,,,
26,20211025,688667.SH,113.07,115.08,110.68,114.68,113.08,1.6,1.4149,2187.34,24767.281,1.7683,0.45,114.544,4414.09,109.784,4824.332,107.3335,4040.9805,116.755,7421.5233,111.9449,8469.7593,113.6032,8418.16,,,,
27,20211022,688667.SH,113.38,115.0,111.05,113.08,115.19,-2.11,-1.8318,2508.82,28297.161,2.0282,0.41,113.66,4870.224,108.028,4785.136,107.054,4100.593,116.7153,7666.1007,111.9694,8490.2674,113.6758,8450.0317,,,,
28,20211021,688667.SH,116.62,116.62,113.01,115.19,115.69,-0.5,-0.4322,2776.12,31878.43,2.2443,0.43,113.398,6119.328,106.62,4771.769,107.049,4157.4395,116.6607,8034.898,112.0426,8539.3055,113.7621,8491.9211,,,,
29,20211020,688667.SH,115.44,119.5,110.8,115.69,114.08,1.61,1.4113,6470.82,75262.327,5.2312,1.02,111.628,6526.092,104.886,4859.472,106.8825,4288.884,116.2658,8076.7173,112.0678,8564.6202,113.8293,8519.6625,,,,
30,20211019,688667.SH,111.83,121.09,111.0,114.08,110.26,3.82,3.4645,8127.35,95176.526,6.5704,1.55,108.948,6363.3,102.995,4439.142,106.807,4444.963,115.9027,8299.087,112.0482,8558.0602,113.9114,8539.9393,,,,
31,20211018,688667.SH,113.3,114.25,109.12,110.26,111.77,-1.51,-1.351,4468.01,50125.482,3.6121,0.95,105.024,5234.574,101.665,4085.622,107.092,4355.694,115.5157,8246.0073,112.0729,8565.6223,114.0501,8599.2283,,,,
32,20211015,688667.SH,106.14,113.8,102.18,111.77,106.34,5.43,5.1063,8754.34,95354.147,7.0773,2.56,102.396,4700.048,101.001,4065.631,107.7525,4555.379,115.2168,8431.453,112.0768,8591.3757,114.154,8638.5464,,,,
33,20211014,688667.SH,101.22,107.98,100.0,106.34,102.29,4.05,3.9593,4809.94,50671.709,3.8885,1.51,99.842,3424.21,100.924,3569.955,108.569,4540.513,115.0187,8350.1457,112.0783,8584.4763,114.2091,8637.442,,,,
34,20211013,688667.SH,95.59,102.44,95.1,102.29,94.46,7.83,8.2892,5656.86,56370.502,4.5732,2.25,98.144,3192.852,101.675,3295.762,109.652,4813.914,114.9207,8399.4197,112.1791,8587.2813,114.3459,8672.5189,,,,
35,20211012,688667.SH,97.33,97.74,93.3,94.46,97.12,-2.66,-2.7389,2483.72,23592.686,2.0079,0.85,97.042,2514.984,102.886,3002.316,110.3875,4749.1185,114.9503,8433.1272,112.3271,8588.8097,114.4789,8719.8683,,,,
36,20211011,688667.SH,99.19,99.97,96.9,97.12,99.0,-1.88,-1.899,1795.38,17526.642,1.4514,0.52,98.306,2936.67,104.883,3257.629,111.319,4811.179,115.1178,8506.1523,112.5239,8628.4508,114.7168,8748.5877,,,,
37,20211008,688667.SH,98.86,101.8,97.8,99.0,97.85,1.15,1.1753,2375.15,23652.645,1.9201,0.64,99.606,3431.214,106.08,3416.05,112.2725,4894.5635,115.2043,8572.1418,112.7579,8658.1553,114.9573,8823.9597,,,,
38,20210930,688667.SH,96.78,99.91,95.8,97.85,96.78,1.07,1.1056,3653.15,35603.284,2.9533,1.07,102.006,3715.7,107.478,3543.11,113.1725,5175.3385,115.2922,8671.715,112.957,8686.9034,115.1958,8877.6929,,,,
39,20210929,688667.SH,100.98,101.85,96.5,96.78,100.18,-3.4,-3.3939,2267.52,22346.807,1.8331,0.65,105.206,3398.672,108.879,3718.296,114.306,5300.3515,115.3617,8772.6017,113.1865,8762.1214,115.5111,8899.0032,,,,
40,20210928,688667.SH,102.58,104.47,100.11,100.78,103.62,-2.84,-2.7408,4592.15,46684.344,3.7124,1.28,108.73,3489.648,110.619,4450.784,115.4705,5663.599,115.4218,8851.7642,113.4687,8888.8657,115.8379,8956.7976,,,,
41,20210927,688667.SH,111.0,111.0,102.05,103.62,111.0,-7.38,-6.6486,4268.1,44940.971,3.4505,1.25,111.46,3578.588,112.519,4625.766,116.6,6486.3595,115.407,8971.2585,113.8509,8949.8527,116.1481,9040.852,,,,
42,20210924,688667.SH,113.67,113.67,108.3,111.0,113.85,-2.85,-2.5033,3797.58,41787.685,3.0701,1.13,112.554,3400.886,114.504,5045.127,119.025,6886.0575,115.4377,9071.2402,114.1747,8991.2168,116.3429,9104.3467,,,,
43,20210923,688667.SH,113.4,115.2,113.13,113.85,114.4,-0.55,-0.4808,2068.01,23541.248,1.6718,0.51,112.95,3370.52,116.214,5511.071,120.415,7167.69,115.4212,9174.1333,114.4339,9111.3201,116.4932,9193.9077,,,,
44,20210922,688667.SH,113.32,115.95,112.2,114.4,114.43,-0.03,-0.0262,2722.4,31173.805,2.2009,0.5,112.552,4037.92,117.629,6332.066,121.402,7614.356,115.3115,9307.2577,114.5899,9219.3043,116.6054,9372.4156,,,,
45,20210917,688667.SH,111.46,115.99,106.68,114.43,109.09,5.34,4.895,5036.85,55681.661,4.0719,0.89,112.508,5411.92,117.889,6495.921,121.9725,7790.974,115.1982,9454.9357,114.7435,9253.4579,116.6625,9515.4162,,,,
46,20210916,688667.SH,113.5,113.99,109.09,109.09,112.98,-3.89,-3.4431,3379.59,37365.376,2.7322,0.51,113.578,5672.944,117.755,6364.729,122.4295,7987.603,115.0438,9647.8447,114.8571,9293.5959,116.6621,9600.1646,,,,
47,20210915,688667.SH,113.54,114.45,109.1,112.98,111.86,1.12,1.0013,3645.75,40810.257,2.9473,0.48,116.454,6689.368,118.465,6373.077,123.19,8087.075,114.8697,9717.6888,115.0002,9319.9194,116.7087,9669.1644,,,,
48,20210914,688667.SH,113.79,115.07,111.19,111.86,114.18,-2.32,-2.0319,5405.01,60921.927,4.3696,0.63,119.478,7651.622,118.867,6807.567,123.764,8178.3635,114.665,9780.9812,115.1047,9358.8174,116.6923,9812.3389,,,,
49,20210913,688667.SH,118.21,118.21,113.01,114.18,119.78,-5.6,-4.6752,9592.4,109804.962,7.7548,1.27,122.706,8626.212,119.733,6882.407,124.326,8354.4305,114.4875,9817.561,115.2186,9365.8182,116.7515,9977.2398,,,,
50,20210910,688667.SH,120.2,123.47,117.06,119.78,123.47,-3.69,-2.9886,6341.97,75779.058,5.3545,0.9,123.27,7579.922,120.322,6876.414,125.227,8112.477,114.2978,9785.6872,115.3323,9358.9346,116.8319,10116.4339,,,,
51,20210909,688667.SH,132.09,132.55,122.09,123.47,128.1,-4.63,-3.6144,8461.71,106020.036,7.1442,1.4,121.932,7056.514,120.681,8346.953,125.843,8296.127,114.0148,9835.688,115.4417,9447.9351,116.7346,10202.0795,,,,
52,20210908,688667.SH,128.0,134.49,128.0,128.1,128.0,0.1,0.0781,8457.02,111390.883,7.1402,1.42,120.476,6056.786,123.546,8726.988,126.331,8484.4385,113.63,9854.3028,115.4343,9455.1799,116.5697,10317.1947,,,,
53,20210907,688667.SH,118.5,135.0,115.55,128.0,117.0,11.0,9.4017,10277.96,129542.148,8.6776,2.0,118.256,5963.512,124.616,8824.309,126.021,8332.2355,113.1618,9871.9205,115.3371,9456.8278,116.3588,10434.8743,,,,
54,20210906,688667.SH,113.82,119.77,113.38,117.0,113.09,3.91,3.4574,4360.95,51234.209,3.6819,0.71,116.76,5138.602,125.175,8896.646,125.746,8164.664,112.6673,9810.4212,115.2847,9444.2399,116.1406,10576.2483,,,,
55,20210903,688667.SH,113.35,116.88,112.59,113.09,116.19,-3.1,-2.668,3724.93,42496.533,3.1449,0.39,117.374,6172.906,126.056,9086.027,126.1875,8389.253,112.339,9920.917,115.2972,9514.0183,116.0238,10862.673,,,,
56,20210902,688667.SH,117.0,117.5,114.88,116.19,117.0,-0.81,-0.6923,3463.07,40126.164,2.9238,0.3,119.43,9637.392,127.104,9610.477,126.633,8681.481,112.1317,9969.9585,115.3963,9536.0694,116.1189,11523.8225,,,,
57,20210901,688667.SH,120.56,121.4,112.92,117.0,120.52,-3.52,-2.9207,7990.65,92542.667,6.7464,0.68,126.616,11397.19,127.915,9801.073,127.1185,8947.5705,111.8552,10047.1672,115.4943,9609.8389,,,,,,
58,20210831,688667.SH,122.12,123.5,118.1,120.52,120.07,0.45,0.3748,6153.41,74166.906,5.1953,0.49,130.976,11685.106,128.661,9549.16,127.411,9027.576,111.6035,10047.77,115.6005,9618.1638,,,,,,
59,20210830,688667.SH,123.0,127.0,118.0,120.07,123.37,-3.3,-2.6749,9532.47,117320.968,8.0482,0.79,133.59,12654.69,128.919,9826.454,127.229,9135.2075,111.2873,10281.3738,115.7521,9618.7336,,,,,,
60,20210827,688667.SH,134.64,137.73,122.0,123.37,152.12,-28.75,-18.8996,21047.36,268503.385,17.7701,2.2,134.738,11999.148,130.132,9348.54,127.1355,9254.8045,111.0695,10410.6982,115.9114,9615.4373,,,,,,
61,20210826,688667.SH,138.92,153.69,136.72,152.12,138.8,13.32,9.5965,12262.06,178180.098,10.3528,1.49,134.778,9583.562,131.005,8245.301,126.448,8675.7895,110.905,10257.216,116.0577,9551.7505,,,,,,
62,20210825,688667.SH,132.95,142.66,130.05,138.8,133.59,5.21,3.9,9430.23,129491.146,7.9619,1.27,129.214,8204.956,129.116,8241.889,124.2155,8625.011,110.3797,10203.261,115.8065,9548.0046,,,,,,
63,20210824,688667.SH,124.8,134.65,121.1,133.59,125.81,7.78,6.1839,11001.33,140918.237,9.2883,1.57,126.346,7413.214,127.426,7840.162,122.7005,8738.7885,110.1802,10148.9855,115.7088,9599.1512,,,,,,
64,20210823,688667.SH,125.0,128.95,123.0,125.81,123.57,2.24,1.8127,6254.76,79005.87,5.2808,0.93,124.248,6998.218,126.317,7432.682,121.371,9109.9845,110.0693,10081.4975,115.6461,9724.0275,,,,,,
65,20210820,688667.SH,124.33,124.5,119.0,123.57,124.3,-0.73,-0.5873,8969.43,108881.71,7.5728,1.3,125.526,6697.932,126.319,7692.479,121.031,9622.6805,110.0475,10135.6947,115.6005,9860.3046,,,,,,
66,20210819,688667.SH,123.0,127.5,121.21,124.3,124.46,-0.16,-0.1286,5369.03,66593.483,4.533,0.65,127.232,6907.04,126.162,7752.485,120.502,10235.9865,109.9872,10106.7377,115.5086,9922.6769,,,,,,
67,20210818,688667.SH,121.51,125.7,121.02,124.46,123.1,1.36,1.1048,5471.52,67484.536,4.6196,0.66,129.018,8278.822,126.322,8094.068,119.902,10810.634,109.8677,10087.8897,115.4124,9985.5823,,,,,,
68,20210817,688667.SH,130.5,132.2,121.94,123.1,132.2,-9.1,-6.8835,8926.35,112559.386,7.5364,1.13,128.506,8267.11,126.161,8505.992,119.169,11768.891,109.8,10120.2415,115.2779,10139.134,,,,,,
69,20210816,688667.SH,134.39,134.98,127.87,132.2,132.1,0.1,0.0757,4753.33,62400.048,4.0132,0.55,128.386,7867.146,125.539,8443.961,117.589,11586.8375,109.7102,10059.9288,115.2366,10301.8017,,,,,,
70,20210813,688667.SH,135.24,139.88,130.56,132.1,133.23,-1.13,-0.8482,10014.97,135283.489,8.4556,1.16,127.112,8687.026,124.139,9161.069,115.674,12339.821,109.4023,10077.6203,115.1529,10517.2253,,,,,,
71,20210812,688667.SH,121.9,136.27,121.09,133.23,121.9,11.33,9.2945,12227.94,159326.603,10.3239,1.55,125.092,8597.93,121.891,9106.278,113.612,12086.201,109.1432,10058.7635,114.9129,10583.27,,,,,,
72,20210811,688667.SH,120.1,122.49,119.38,121.9,122.5,-0.6,-0.4898,5412.96,65192.496,4.5701,0.62,123.626,7909.314,119.315,9008.133,111.567,12254.5415,108.7668,9972.3537,114.6174,10683.746,,,,,,
73,20210810,688667.SH,124.15,125.99,121.0,122.5,125.83,-3.33,-2.6464,6926.53,84847.927,5.848,0.77,123.816,8744.874,117.975,9637.415,110.466,12177.6885,108.6005,10016.5443,114.4264,10855.4021,,,,,,
74,20210809,688667.SH,122.0,127.88,117.4,125.83,122.0,3.83,3.1393,8852.73,108896.141,7.4743,0.92,122.692,9020.776,116.425,10787.287,109.364,12219.681,108.4992,9985.9428,114.2195,11058.5652,,,,,,
75,20210806,688667.SH,125.9,128.98,119.02,122.0,125.9,-3.9,-3.0977,9569.49,117847.105,8.0794,1.0,121.166,9635.112,115.743,11552.882,108.276,12161.01,108.3535,9935.2257,113.9911,11357.357,,,,,,
76,20210805,688667.SH,121.18,126.77,120.46,125.9,122.85,3.05,2.4827,8784.86,108258.95,7.417,0.87,118.69,9614.626,114.842,12719.488,107.4015,12025.797,108.2225,9883.198,114.0161,12092.2908,,,,,,
77,20210804,688667.SH,115.07,130.1,115.07,122.85,116.88,5.97,5.1078,9590.76,119842.859,8.0974,0.91,115.004,10106.952,113.482,13527.2,106.222,11874.2915,108.1328,9816.2142,,,,,,,,
78,20210803,688667.SH,117.02,119.88,115.06,116.88,118.2,-1.32,-1.1168,8306.04,97276.95,7.0127,0.66,112.134,10529.956,112.177,15031.79,105.293,11812.2305,108.0672,9743.8675,,,,,,,,
79,20210802,688667.SH,110.59,122.52,110.59,118.2,109.62,8.58,7.827,11924.41,139674.332,10.0677,0.89,110.158,12553.798,109.639,14729.714,104.55,11882.246,108.1325,9791.6827,,,,,,,,
80,20210730,688667.SH,105.55,114.21,105.05,109.62,107.47,2.15,2.0006,9467.06,104357.771,7.993,0.6,110.32,13470.652,107.209,15518.573,103.6595,11636.889,108.2458,9841.975,,,,,,,,
81,20210729,688667.SH,111.83,112.3,106.58,107.47,108.5,-1.03,-0.9493,11246.49,122378.566,9.4953,0.66,110.994,15824.35,105.333,15066.124,103.173,11751.6265,108.7355,9862.3715,,,,,,,,
82,20210728,688667.SH,106.9,113.0,104.01,108.5,107.0,1.5,1.4019,11705.78,127751.209,9.8831,0.6,111.96,16947.448,103.819,15500.95,103.0725,11702.652,109.211,9815.0052,,,,,,,,
83,20210727,688667.SH,117.0,120.2,104.0,107.0,119.01,-12.01,-10.0916,18425.25,209265.49,15.5563,1.09,112.22,19533.624,102.957,14717.962,103.148,11615.9215,109.6847,9883.374,,,,,,,,
84,20210726,688667.SH,113.5,119.96,111.15,119.01,112.99,6.02,5.3279,16508.68,189771.085,13.9381,0.94,109.12,16905.63,102.303,13652.075,103.1615,11197.4325,110.0588,9790.727,,,,,,,,
85,20210723,688667.SH,114.9,121.5,112.3,112.99,112.3,0.69,0.6144,21235.55,247491.045,17.929,1.48,104.098,17566.494,100.809,12769.138,102.591,10951.1525,110.238,9617.8783,,,,,,,,
86,20210722,688667.SH,110.99,112.97,108.0,112.3,109.8,2.5,2.2769,16861.98,186941.7,14.2364,1.2,99.672,14307.898,99.961,11332.106,102.2,10719.9445,110.4513,9414.7967,,,,,,,,
87,20210721,688667.SH,90.81,109.8,90.19,109.8,91.5,18.3,20.0,24636.66,254260.206,20.8005,2.49,95.678,14054.452,98.962,10221.383,101.517,10255.3575,110.6363,9233.9627,,,,,,,,
88,20210720,688667.SH,92.53,94.16,90.51,91.5,93.9,-2.4,-2.5559,5285.28,48807.712,4.4623,0.51,93.694,9902.3,98.409,8592.671,101.062,9395.689,110.8635,8948.9442,,,,,,,,
89,20210719,688667.SH,91.01,94.75,84.34,93.9,90.86,3.04,3.3458,19813.0,175080.981,16.7279,2.49,95.486,10398.52,99.461,9034.778,101.5475,9511.415,111.3927,8962.6077,,,,,,,,
90,20210716,688667.SH,91.3,92.45,89.82,90.86,92.33,-1.47,-1.5921,4942.57,45034.61,4.173,0.59,97.52,7971.782,100.11,7755.205,101.9925,8904.7635,111.9202,8780.7917,,,,,,,,
91,20210715,688667.SH,99.6,99.6,90.97,92.33,99.88,-7.55,-7.5591,15594.75,146538.658,13.1665,2.44,100.25,8356.314,101.013,8437.129,102.5895,9124.736,112.5845,8952.4492,,,,,,,,
92,20210714,688667.SH,100.29,101.66,99.58,99.88,100.46,-0.58,-0.5773,3875.9,38909.495,3.2724,0.53,102.246,6388.314,102.326,7904.354,102.992,8823.9285,113.0912,8845.6398,,,,,,,,
93,20210713,688667.SH,104.15,104.15,99.01,100.46,104.07,-3.61,-3.4688,7766.38,78324.856,6.5571,1.01,103.124,7283.042,103.339,8513.881,102.9985,9105.8375,113.3995,8924.7383,,,,,,,,
94,20210712,688667.SH,105.01,106.02,102.33,104.07,104.51,-0.44,-0.421,7679.31,79773.736,6.4836,1.02,103.436,7671.036,104.02,8742.79,102.892,9046.9185,113.7712,8945.6182,,,,,,,,
95,20210709,688667.SH,101.51,105.01,100.67,104.51,102.31,2.2,2.1503,6865.23,71004.791,5.7963,0.81,102.7,7538.628,104.373,9133.167,102.5535,9212.488,114.0075,9006.6095,,,,,,,,
96,20210708,688667.SH,104.9,106.02,101.83,102.31,104.27,-1.96,-1.8797,5754.75,59223.184,4.8587,0.61,101.776,8517.944,104.439,10107.783,102.3605,9202.5975,114.3157,8991.023,,,,,,,,
97,20210707,688667.SH,101.35,105.87,100.0,104.27,102.02,2.25,2.2054,8349.54,86282.809,7.0494,0.86,102.406,9420.394,104.072,10289.332,102.225,9319.6395,114.7103,9075.7775,,,,,,,,
98,20210706,688667.SH,100.3,102.18,97.0,102.02,100.39,1.63,1.6237,9706.35,96584.636,8.195,0.99,103.554,9744.72,103.715,10198.707,102.1065,9303.5035,115.0995,9083.6708,,,,,,,,
99,20210705,688667.SH,99.03,101.9,98.91,100.39,99.89,0.5,0.5006,7017.27,70337.007,5.9246,0.65,104.604,9814.544,103.634,9988.052,102.083,9826.668,115.6605,9025.4048,,,,,,,,
100,20210702,688667.SH,105.5,105.57,99.7,99.89,105.46,-5.57,-5.2816,11761.81,119015.025,9.9304,1.01,106.046,10727.706,103.875,10054.322,102.4135,10340.401,116.254,9061.831,,,,,,,,
101,20210701,688667.SH,111.11,113.0,105.05,105.46,110.01,-4.55,-4.136,10267.0,112548.82,8.6683,0.92,107.102,11697.622,104.166,9812.343,103.094,10344.232,116.8892,9110.4455,,,,,,,,
102,20210630,688667.SH,107.0,110.5,105.71,110.01,107.27,2.74,2.5543,9971.17,108829.839,8.4186,0.94,105.738,11158.27,103.658,9743.503,103.851,10282.12,117.2482,9137.4533,,,,,,,,
103,20210629,688667.SH,106.81,110.57,105.2,107.27,107.6,-0.33,-0.3067,10055.47,108788.28,8.4897,0.99,103.876,10652.694,102.658,9697.794,104.692,10092.2465,117.5652,9213.682,,,,,,,,
104,20210628,688667.SH,106.0,109.45,105.3,107.6,105.17,2.43,2.3105,11583.08,124040.938,9.7795,1.23,102.664,10161.56,101.764,9351.047,105.6755,9937.0755,117.8993,9437.5735,,,,,,,,
105,20210625,688667.SH,98.64,107.45,98.02,105.17,98.64,6.53,6.62,16611.39,172677.961,14.0249,2.1,101.704,9380.938,100.734,9291.809,106.5205,9833.251,118.1268,9575.8967,,,,,,,,
106,20210624,688667.SH,100.1,100.59,97.71,98.64,100.7,-2.06,-2.0457,7570.24,74597.554,6.3915,0.91,101.23,7927.064,100.282,8297.412,107.2595,9364.282,118.2803,9552.4845,,,,,,,,
107,20210623,688667.SH,101.5,101.5,98.5,100.7,101.21,-0.51,-0.5039,7443.29,73927.114,6.2843,0.85,101.578,8328.736,100.378,8349.947,108.184,9197.6775,118.5477,9620.64,,,,,,,,
108,20210622,688667.SH,102.1,103.66,100.0,101.21,102.8,-1.59,-1.5467,7599.8,76830.927,6.4164,0.89,101.44,8742.894,100.498,8408.3,109.169,9196.1445,118.7195,9843.6967,,,,,,,,
109,20210621,688667.SH,102.8,104.1,101.11,102.8,102.8,0.0,0.0,7679.97,78648.437,6.4841,0.83,100.864,8540.534,100.532,9665.284,109.994,9081.534,119.0155,10136.9187,,,,,,,,
110,20210618,688667.SH,100.0,103.66,99.02,102.8,100.38,2.42,2.4108,9342.02,95330.789,7.8874,1.08,99.764,9202.68,100.952,10626.48,110.5405,8988.2765,119.366,10447.1807,,,,,,,,
111,20210617,688667.SH,100.01,100.66,97.27,100.38,100.01,0.37,0.37,9578.6,94351.085,8.0871,1.14,99.334,8667.76,102.022,10876.121,111.228,8965.3535,119.4543,10568.471,,,,,,,,
112,20210616,688667.SH,97.7,102.1,97.7,100.01,98.33,1.68,1.7085,9514.08,95530.891,8.0327,1.18,99.178,8371.158,104.044,10820.737,111.7415,8838.591,119.5093,10780.0867,,,,,,,,
113,20210615,688667.SH,97.0,100.37,96.89,98.33,97.3,1.03,1.0586,6588.0,64924.852,5.5622,0.61,99.556,8073.706,106.726,10486.699,112.337,8766.107,119.5558,10997.8282,,,,,,,,
114,20210611,688667.SH,101.0,101.65,96.8,97.3,100.65,-3.35,-3.3284,10990.7,108153.071,9.2794,0.91,100.2,10790.034,109.587,10523.104,113.2415,8691.229,119.6138,11342.0755,,,,,,,,
115,20210610,688667.SH,100.0,102.2,99.6,100.65,99.6,1.05,1.0542,6667.42,67414.406,5.6292,0.51,102.14,12050.28,112.307,10374.693,114.231,8432.179,119.7087,11804.429,,,,,,,,
116,20210609,688667.SH,102.0,102.54,99.11,99.6,101.9,-2.3,-2.2571,8095.59,81139.146,6.835,0.61,104.71,13084.482,114.237,10431.152,114.9055,8421.1995,120.1062,13077.6865,,,,,,,,
117,20210608,688667.SH,101.56,102.88,100.5,101.9,101.55,0.35,0.3447,8026.82,81689.405,6.777,0.62,108.91,13270.316,115.99,10045.408,115.9515,8254.7115,,,,,,,,,,
118,20210607,688667.SH,106.09,106.84,100.13,101.55,107.0,-5.45,-5.0935,20169.64,207050.079,17.0291,1.97,113.896,12899.692,117.84,9983.989,116.802,8115.8685,,,,,,,,,,
119,20210604,688667.SH,113.7,115.0,105.11,107.0,113.5,-6.5,-5.7269,17291.93,188510.696,14.5994,1.99,118.974,10256.174,119.456,8497.784,117.7645,7666.134,,,,,,,,,,
120,20210603,688667.SH,120.05,120.81,113.08,113.5,120.6,-7.1,-5.8872,11838.43,136902.472,9.9951,1.52,122.474,8699.106,120.129,7350.073,118.6645,7548.635,,,,,,,,,,
121,20210602,688667.SH,126.69,127.5,120.02,120.6,126.83,-6.23,-4.9121,9024.76,111032.52,7.6195,1.32,123.764,7777.822,120.434,7054.586,119.9395,7491.256,,,,,,,,,,
122,20210601,688667.SH,126.0,129.56,124.42,126.83,126.94,-0.11,-0.0867,6173.7,78565.694,5.2124,0.87,123.07,6820.5,119.439,6856.445,120.7095,7460.2435,,,,,,,,,,
123,20210531,688667.SH,125.0,127.5,122.8,126.94,124.5,2.44,1.9598,6952.05,86931.477,5.8696,1.03,121.784,7068.286,117.948,7045.515,121.214,7941.954,,,,,,,,,,
124,20210528,688667.SH,120.0,127.65,119.11,124.5,119.95,4.55,3.7932,9506.59,118445.131,8.0263,1.58,119.938,6739.394,116.896,6859.354,121.3395,8237.673,,,,,,,,,,
125,20210527,688667.SH,117.11,122.78,116.53,119.95,117.13,2.82,2.4076,7232.01,86916.545,6.1059,1.14,117.784,6001.04,116.155,6489.665,121.6025,8069.2315,,,,,,,,,,
126,20210526,688667.SH,118.77,121.2,117.01,117.13,120.4,-3.27,-2.7159,4238.15,50123.1,3.5782,0.61,117.104,6331.35,115.574,6411.247,121.8945,8160.1635,,,,,,,,,,
127,20210525,688667.SH,117.01,122.18,116.5,120.4,117.71,2.69,2.2853,7412.63,89299.599,6.2584,1.06,115.808,6892.39,115.913,6464.015,122.208,8248.853,,,,,,,,,,
128,20210524,688667.SH,113.5,119.11,112.01,117.71,113.73,3.98,3.4995,5307.59,61492.383,4.4812,0.76,114.112,7022.744,115.764,6247.748,122.3595,8254.999,,,,,,,,,,
129,20210521,688667.SH,119.0,119.0,113.02,113.73,116.55,-2.82,-2.4196,5814.82,66956.576,4.9094,0.83,113.854,6979.314,116.073,6834.484,122.6365,8294.874,,,,,,,,,,
130,20210520,688667.SH,112.86,116.97,111.14,116.55,110.65,5.9,5.3321,8883.56,102056.494,7.5003,1.37,114.526,6978.29,117.2,7747.197,123.2275,8449.335,,,,,,,,,,
131,20210519,688667.SH,112.28,114.44,109.88,110.65,111.92,-1.27,-1.1347,7043.35,78617.272,5.9466,1.17,114.044,6491.144,119.445,7927.926,123.936,8767.258,,,,,,,,,,
132,20210518,688667.SH,116.0,117.2,111.48,111.92,116.42,-4.5,-3.8653,8064.4,91153.846,6.8087,1.47,116.018,6035.64,121.98,8064.042,124.54,8874.4,,,,,,,,,,
133,20210517,688667.SH,115.88,118.58,115.01,116.42,117.09,-0.67,-0.5722,5090.44,59390.057,4.2978,0.76,117.416,5472.752,124.48,8838.393,124.863,8902.2705,,,,,,,,,,
134,20210514,688667.SH,114.18,119.45,111.22,117.09,114.14,2.95,2.5845,5809.7,67550.302,4.9051,0.68,118.292,6689.654,125.783,9615.992,125.18,9098.707,,,,,,,,,,
135,20210513,688667.SH,119.11,121.7,114.0,114.14,120.52,-6.38,-5.2937,6447.83,75405.115,5.4438,0.69,119.874,8516.104,127.05,9648.798,125.238,9375.1615,,,,,,,,,,
136,20210512,688667.SH,118.03,120.99,116.02,120.52,118.91,1.61,1.354,4765.83,56926.355,4.0238,0.47,124.846,9364.708,128.215,9909.08,125.681,9349.272,,,,,,,,,,
137,20210511,688667.SH,118.98,121.3,118.04,118.91,120.8,-1.89,-1.5646,5249.96,62524.9,4.4325,0.43,127.942,10092.444,128.503,10033.691,125.9545,9652.9815,,,,,,,,,,
138,20210510,688667.SH,124.45,125.36,118.0,120.8,125.0,-4.2,-3.36,11174.95,135103.429,9.4349,0.89,131.544,12204.034,128.955,10262.25,126.39,9831.6405,,,,,,,,,,
139,20210507,688667.SH,138.5,139.8,124.08,125.0,139.0,-14.0,-10.0719,14941.95,196427.677,12.6154,1.39,133.274,12542.33,129.2,9755.264,127.134,9583.4125,,,,,,,,,,
140,20210506,688667.SH,136.11,144.55,134.36,139.0,136.0,3.0,2.2059,10690.85,149680.642,9.0262,1.02,134.226,10781.492,129.255,9151.473,127.684,9296.457,,,,,,,,,,
141,20210430,688667.SH,135.6,138.6,133.38,136.0,136.92,-0.92,-0.6719,8404.51,113538.915,7.0959,0.84,131.584,10453.452,128.427,9606.59,127.634,9495.8485,,,,,,,,,,
142,20210429,688667.SH,128.55,139.5,128.5,136.92,129.45,7.47,5.7706,15807.91,212933.053,13.3465,1.9,129.064,9974.938,127.1,9684.758,127.184,9669.9965,,,,,,,,,,
143,20210428,688667.SH,135.0,135.0,125.55,129.45,129.76,-0.31,-0.2389,12866.43,167498.275,10.863,1.85,126.366,8320.466,125.246,8966.148,126.7895,9606.8455,,,,,,,,,,
144,20210427,688667.SH,128.7,129.76,121.37,129.76,125.79,3.97,3.1561,6137.76,77448.379,5.1821,0.82,125.126,6968.198,124.577,8581.422,126.683,10137.972,,,,,,,,,,
145,20210426,688667.SH,122.0,131.8,121.5,125.79,123.4,2.39,1.9368,9050.65,115431.214,7.6414,1.03,124.284,7521.454,123.426,9101.525,126.2575,10825.2075,,,,,,,,,,
146,20210423,688667.SH,121.07,123.9,120.21,123.4,123.43,-0.03,-0.0243,6011.94,73575.763,5.0758,0.64,125.27,8759.728,123.147,8789.464,125.687,11133.008,,,,,,,,,,
147,20210422,688667.SH,123.88,124.8,119.33,123.43,123.25,0.18,0.146,7535.55,91302.119,6.3622,0.78,125.136,9394.578,123.406,9272.272,125.251,11415.3895,,,,,,,,,,
148,20210421,688667.SH,123.55,128.02,121.37,123.25,125.55,-2.3,-1.8319,6105.09,76285.14,5.1545,0.6,124.126,9611.83,123.825,9401.031,124.63,12079.9465,,,,,,,,,,
149,20210420,688667.SH,129.72,132.13,122.55,125.55,130.72,-5.17,-3.955,8904.04,112862.908,7.5176,0.83,124.028,10194.646,125.068,9411.561,124.416,13034.348,,,,,,,,,,
150,20210419,688667.SH,122.11,134.94,121.6,130.72,122.73,7.99,6.5102,15242.02,193842.042,12.8687,1.73,122.568,10681.596,126.113,9441.441,124.33,13903.9305,,,,,,,,,,
151,20210416,688667.SH,119.24,124.51,117.7,122.73,118.38,4.35,3.6746,9186.19,110998.692,7.7558,1.0,121.024,8819.2,126.841,9385.107,123.199,13972.8015,,,,,,,,,,
152,20210415,688667.SH,121.17,121.17,115.2,118.38,122.76,-4.38,-3.5679,8621.81,101520.786,7.2793,0.94,121.676,9149.966,127.268,9655.235,122.2465,14627.269,,,,,,,,,,
153,20210414,688667.SH,118.99,124.89,117.3,122.76,118.25,4.51,3.814,9019.17,109857.642,7.6148,1.05,123.524,9190.232,128.333,10247.543,121.4675,15325.107,,,,,,,,,,
154,20210413,688667.SH,122.31,123.9,116.11,118.25,123.0,-4.75,-3.8618,11338.79,134403.814,9.5732,1.38,126.108,8628.476,128.789,11694.522,120.42,16236.2905,,,,,,,,,,
155,20210412,688667.SH,123.6,127.36,122.0,123.0,125.99,-2.99,-2.3732,5930.04,74142.395,5.0067,0.6,129.658,8201.286,129.089,12548.89,119.657,17605.9465,,,,,,,,,,
156,20210409,688667.SH,127.88,129.0,120.0,125.99,127.62,-1.63,-1.2772,10840.02,133944.906,9.1521,1.07,132.658,9951.014,128.227,13476.552,119.732,21462.588,,,,,,,,,,
157,20210408,688667.SH,135.98,135.98,126.53,127.62,135.68,-8.06,-5.9404,8823.14,115956.413,7.4493,0.78,132.86,10160.504,127.096,13558.507,,,,,,,,,,,,
158,20210407,688667.SH,135.3,137.97,133.38,135.68,136.0,-0.32,-0.2353,6210.39,83985.525,5.2434,0.42,133.142,11304.854,125.435,14758.862,,,,,,,,,,,,
159,20210406,688667.SH,137.4,138.5,130.03,136.0,138.0,-2.0,-1.4493,9202.84,124143.981,7.7699,0.54,131.47,14760.568,123.764,16657.135,,,,,,,,,,,,
160,20210402,688667.SH,126.13,139.77,126.1,138.0,127.0,11.0,8.6614,14678.68,197814.494,12.3931,0.86,128.52,16896.494,122.547,18366.42,,,,,,,,,,,,
161,20210401,688667.SH,129.48,132.99,124.2,127.0,129.03,-2.03,-1.5733,11887.47,152018.91,10.0365,0.7,123.796,17002.09,119.557,18560.496,,,,,,,,,,,,
162,20210331,688667.SH,128.57,135.8,126.2,129.03,127.32,1.71,1.3431,14544.89,190800.938,12.2801,0.8,121.332,16956.51,117.225,19599.303,,,,,,,,,,,,
163,20210330,688667.SH,122.0,130.9,120.01,127.32,121.25,6.07,5.0062,23488.96,298359.778,19.8315,1.27,117.728,18212.87,114.602,20402.671,,,,,,,,,,,,
164,20210329,688667.SH,114.0,121.56,107.0,121.25,114.38,6.87,6.0063,19882.47,227517.725,16.7866,1.0,116.058,18553.702,112.051,20778.059,,,,,,,,,,,,
165,20210326,688667.SH,113.0,116.5,109.04,114.38,114.68,-0.3,-0.2616,15206.66,171221.194,12.8389,0.76,116.574,19836.346,110.225,22663.003,,,,,,,,,,,,
166,20210325,688667.SH,108.08,118.0,108.01,114.68,111.01,3.67,3.306,11659.57,131914.091,9.8441,0.52,115.318,20118.902,111.237,29448.624,,,,,,,,,,,,
167,20210324,688667.SH,120.0,124.8,110.0,111.01,118.97,-7.96,-6.6908,20826.69,241503.089,17.5838,0.92,113.118,22242.096,,,,,,,,,,,,,,
168,20210323,688667.SH,123.0,129.6,116.68,118.97,123.83,-4.86,-3.9247,25193.12,315659.276,21.2703,1.1,111.476,22592.472,,,,,,,,,,,,,,
169,20210322,688667.SH,108.48,124.58,107.07,123.83,108.1,15.73,14.5513,26295.69,308349.834,22.2012,1.03,108.044,23002.416,,,,,,,,,,,,,,
170,20210319,688667.SH,103.6,109.82,101.33,108.1,103.68,4.42,4.2631,16619.44,177016.2,14.0317,0.43,103.876,25489.66,,,,,,,,,,,,,,
171,20210318,688667.SH,105.19,111.8,103.68,103.68,102.8,0.88,0.856,22275.54,239125.194,18.8071,,107.156,38778.346,,,,,,,,,,,,,,
172,20210317,688667.SH,98.0,103.7,96.78,102.8,101.81,0.99,0.9724,22578.57,225063.339,19.0629,,,,,,,,,,,,,,,,,
173,20210316,688667.SH,100.1,112.18,99.01,101.81,102.99,-1.18,-1.1457,27242.84,288459.374,23.0009,,,,,,,,,,,,,,,,,
174,20210315,688667.SH,116.0,116.01,99.99,102.99,124.5,-21.51,-17.2771,38731.91,413887.84,32.701,,,,,,,,,,,,,,,,,
175,20210312,688667.SH,125.0,136.0,118.9,124.5,75.42,49.08,65.0756,83062.87,1027071.188,70.1293,,,,,,,,,,,,,,,,,
